{"train/train_loss:": 1.3050076961517334, "train/train_perplexity": 3.6877174377441406, "train/epoch": 2.6091036134957077, "train/global_step": 292896, "train/lr": 4.172586763394543e-06, "train/grad_norm": 0.1429617793913076, "_timestamp": 1701137209.7355552, "_runtime": 104846.63442015648, "_step": 526, "epoch": 2, "eval/epoch_loss": 1.462165117263794, "eval/perplexity": 4.315292835235596}