{"train/train_loss:": 1.399068832397461, "train/train_perplexity": 4.051425457000732, "train/epoch": 1.978438810141745, "train/global_step": 313664, "train/lr": 2.618465666469252e-05, "train/grad_norm": 0.0726424037304838, "_timestamp": 1701111745.565386, "_runtime": 79382.46425104141, "_step": 398, "epoch": 1, "eval/epoch_loss": 1.5119227170944214, "eval/perplexity": 4.535442352294922}